{
  "vertical_offset_applied": 157.2245024781715,
  "baseline": {
    "vertical": {
      "mean": 158.16324584261227,
      "std": 4.374594640807753,
      "p05": 152.82516129164807,
      "p50": 157.2245024781715,
      "p95": 167.3848433290016
    },
    "horizontal": {
      "mean": 0.07302591573506902,
      "std": 0.034909343304767824,
      "p05": 0.019735779524911148,
      "p50": 0.07118717726587483,
      "p95": 0.13075685684750563
    }
  },
  "after_shift": {
    "vertical": {
      "mean": 0.93874336444074,
      "std": 4.374594640807753,
      "p05": -4.399341186523424,
      "p50": 0.0,
      "p95": 10.16034085083009
    },
    "horizontal": {
      "mean": 0.07302591573506902,
      "std": 0.034909343304767824,
      "p05": 0.019735779524911148,
      "p50": 0.07118717726587483,
      "p95": 0.13075685684750563
    }
  },
  "offset_estimation": {
    "method": "median_vertical_difference",
    "baseline_vertical_median": 157.2245024781715,
    "baseline_vertical_mean": 158.16324584261227
  },
  "gicp_anchor_origin": [
    622119.2114023541,
    3348302.5572038507,
    143.21110940032116
  ],
  "gicp": {
    "registration_fitness": 0.36907748049052397,
    "registration_rmse": 0.5872945397892387,
    "transform": [
      [
        0.9988484861292006,
        -0.03550476946812931,
        0.03226628429831141,
        119589.93809758511
      ],
      [
        0.03452283439771222,
        0.9989385128815453,
        0.03049625201817117,
        -17922.759966338053
      ],
      [
        -0.03331479645071549,
        -0.02934721157150478,
        0.999013946604563,
        118995.12519554862
      ],
      [
        0.0,
        0.0,
        0.0,
        1.0
      ]
    ],
    "metrics": {
      "vertical": {
        "mean": -4.879894224332163,
        "std": 4.926964801805855,
        "p05": -10.909121346374718,
        "p50": -5.956710017856665,
        "p95": 5.457803393792038
      },
      "horizontal": {
        "mean": 0.07939164485671715,
        "std": 0.10361308644664177,
        "p05": 0.020029604272766538,
        "p50": 0.07244478776835055,
        "p95": 0.1326966431261008
      }
    },
    "horizontal_translation_m": 120925.50855380022,
    "gicp_source_points": 168762
  }
}