,count,mean,std,min,25%,50%,75%,max
point_count,1180.0,415294.02118644066,60481.06416862237,166325.0,375358.75,431009.0,460452.0,508001.0
duration_s,1180.0,0.3999847457627119,0.0003067593395332123,0.3964,0.4001,0.4001,0.4001,0.4014
sensor_motion_length_m,1180.0,2.3743525423728813,1.8285411610194342,0.0,0.28575,2.56555,3.952075,5.7088
sensor_displacement_m,1180.0,2.3739627118644067,1.8287755901144833,0.0,0.28555,2.5655,3.952075,5.7087
z_offset_m,1180.0,155.57373177966102,3.294589839993724,145.9091,154.7896,157.03455,157.753625,160.0461
