{
  "config": {
    "translation_m": [
      0.3,
      -0.25,
      0.15
    ],
    "rotation_deg": [
      0.3,
      -0.2,
      0.5
    ],
    "voxel_size": 0.3,
    "normal_k": 20,
    "max_corr_dist": 0.8,
    "max_iter": 60
  },
  "input_points": 494065,
  "local_anchor_utm": {
    "utm_e": 622120.1249498433,
    "utm_n": 3348302.0778894224,
    "z": -14.231652613821153,
    "note": "All transforms below are in local frame centered at this anchor point"
  },
  "offset_applied": {
    "translation_m": [
      0.3,
      -0.25,
      0.15
    ],
    "rotation_deg": [
      0.3,
      -0.2,
      0.5
    ],
    "transform_matrix_local_frame": [
      [
        0.9999558309539395,
        -0.008744692105813422,
        -0.0034447788305067327,
        0.3
      ],
      [
        0.008726482333333374,
        0.9999480563393164,
        -0.005266225337892294,
        -0.25
      ],
      [
        0.003490651415223732,
        0.005235931932136122,
        0.9999801999887294,
        0.15
      ],
      [
        0.0,
        0.0,
        0.0,
        1.0
      ]
    ]
  },
  "ground_truth_transform_local_frame": {
    "matrix_4x4": [
      [
        0.9999558309539393,
        0.008726482333333374,
        0.0034906514152237313,
        -0.29832872641513203
      ],
      [
        -0.008744692105813422,
        0.9999480563393164,
        0.005235931932136121,
        0.2518250319267527
      ],
      [
        -0.0034447788305067327,
        -0.005266225337892294,
        0.9999801999887294,
        -0.15028015268363049
      ],
      [
        0.0,
        0.0,
        0.0,
        1.0
      ]
    ],
    "note": "Inverse of offset in local frame - what GICP should recover"
  },
  "gicp": {
    "fitness": 1.0,
    "rmse": 0.09246432083770226,
    "estimated_transform_local_frame": [
      [
        0.9999560937685471,
        0.008702361205309117,
        0.0034755495394069736,
        -0.29848205717280507
      ],
      [
        -0.00872038823859522,
        0.999948425976792,
        0.005205786732534504,
        0.24936141399666667
      ],
      [
        -0.0034300676548300463,
        -0.005235866307383432,
        0.9999804099780626,
        -0.1503725166512595
      ],
      [
        0.0,
        0.0,
        0.0,
        1.0
      ]
    ],
    "estimated_transform_global_frame": [
      [
        0.9999560937685471,
        0.008702361205309117,
        0.0034755495394069736,
        -29111.0681753268
      ],
      [
        -0.00872038823859522,
        0.999948425976792,
        0.005205786732534504,
        5598.137878040783
      ],
      [
        -0.0034300676548300463,
        -0.005235866307383432,
        0.9999804099780626,
        19665.02550325741
      ],
      [
        0.0,
        0.0,
        0.0,
        1.0
      ]
    ]
  },
  "alignment_quality": {
    "rmse_to_target_m": 0.002572594689160959,
    "mean_abs_distance_m": 0.0025383051791746923
  },
  "transform_error_local_frame": {
    "delta_matrix_4x4": [
      [
        0.999999999595018,
        -2.4201245711219743e-05,
        -1.4975454842064008e-05,
        -0.00014948691265714853
      ],
      [
        2.4200792990821227e-05,
        0.9999999992502264,
        -3.0230270767858307e-05,
        -0.0024609409592297737
      ],
      [
        1.4976186441045721e-05,
        3.0229908337729856e-05,
        0.999999999430933,
        -9.55088741532717e-05
      ],
      [
        0.0,
        0.0,
        0.0,
        1.0
      ]
    ],
    "translation_error_m": 0.0024673262222317804,
    "yaw_error_deg": 0.0013866032995346893,
    "note": "Error between GICP estimated transform and ground truth (both in local frame)"
  },
  "outputs": {
    "target_reference": "outputs\\target_reference.parquet",
    "source_offset": "outputs\\source_offset.parquet",
    "source_aligned": "outputs\\source_aligned.parquet",
    "metrics_json": "outputs\\gicp_metrics.json"
  }
}