{
  "inputs": {
    "lidar_file": "G:\\GithubProject\\ReLL\\gicp-veri-lidar-dsm\\data3_utm.parquet",
    "dsm_file": "G:\\GithubProject\\ReLL\\gicp-veri-lidar-dsm\\data3_dsm_utm.laz",
    "lidar_points": 494065,
    "dsm_points": 414791
  },
  "vertical_shift": {
    "lidar_center_utm": {
      "utm_e": 622122.3893580358,
      "utm_n": 3348302.826102932,
      "z_before_shift": -14.231652613821153
    },
    "dsm_height_at_center": 141.04110236220473,
    "vertical_shift_m": 155.27275497602588,
    "shifted_z_range": {
      "min": 138.07663376020557,
      "max": 158.63694889234668
    }
  },
  "dsm_extraction": {
    "max_distance_m": 0.5,
    "original_dsm_count": 414791,
    "extracted_dsm_count": 185481,
    "reduction_ratio": 0.5528326313733904,
    "distance_stats": {
      "min": 0.00018346034340742647,
      "max": 0.49999781145290356,
      "mean": 0.16437624794893713,
      "p50": 0.1254731042930979,
      "p95": 0.4338536210166465
    }
  },
  "outputs": {
    "shifted_lidar": "lidar_shifted.parquet",
    "extracted_dsm": "dsm_extracted.parquet"
  }
}