{
  "vertical_offset_applied": 157.2245024781715,
  "baseline": {
    "vertical": {
      "mean": 158.16324584261227,
      "std": 4.374594640807753,
      "p05": 152.82516129164807,
      "p50": 157.2245024781715,
      "p95": 167.3848433290016
    },
    "horizontal": {
      "mean": 0.07302591573506902,
      "std": 0.034909343304767824,
      "p05": 0.019735779524911148,
      "p50": 0.07118717726587483,
      "p95": 0.13075685684750563
    }
  },
  "after_shift": {
    "vertical": {
      "mean": 0.93874336444074,
      "std": 4.374594640807753,
      "p05": -4.399341186523424,
      "p50": 0.0,
      "p95": 10.16034085083009
    },
    "horizontal": {
      "mean": 0.07302591573506902,
      "std": 0.034909343304767824,
      "p05": 0.019735779524911148,
      "p50": 0.07118717726587483,
      "p95": 0.13075685684750563
    }
  },
  "offset_estimation": {
    "method": "median_vertical_difference",
    "baseline_vertical_median": 157.2245024781715,
    "baseline_vertical_mean": 158.16324584261227
  },
  "gicp_anchor_origin": [
    622119.2114023541,
    3348302.5572038507,
    143.21110940032116
  ],
  "gicp": {
    "strategy": "op1",
    "transform": [
      [
        0.9999842782819706,
        -0.005607422659881773,
        0.0,
        18782.436635315884
      ],
      [
        0.005607422659881773,
        0.9999842782819706,
        0.0,
        -3435.3348853462376
      ],
      [
        0.0,
        0.0,
        1.0,
        0.17858180999756712
      ],
      [
        0.0,
        0.0,
        0.0,
        1.0
      ]
    ],
    "metrics": {
      "vertical": {
        "mean": 0.7503611030855721,
        "std": 4.452208279522487,
        "p05": -4.683839897155741,
        "p50": -0.25234394073484623,
        "p95": 10.069652450561533
      },
      "horizontal": {
        "mean": 0.07841862666509118,
        "std": 0.10124938771827709,
        "p05": 0.019873044593462726,
        "p50": 0.07161101117581264,
        "p95": 0.13175526818770497
      }
    },
    "horizontal_translation_m": 19094.01612375283,
    "selected_source_points": 109348,
    "diagnostics": {
      "roi": {
        "gate_vertical_threshold_m": 0.5,
        "preselection_total": 494065,
        "preselection_kept_by_gate": 109348,
        "preselection_dz_summary": {
          "mean": 0.93874336444074,
          "std": 4.374594640807753,
          "p05": -4.399341186523424,
          "p50": 0.0,
          "p95": 10.16034085083009
        },
        "preselection_xy_dist_summary": {
          "mean": 0.07302591573506902,
          "std": 0.034909343304767824,
          "p05": 0.019735779524911148,
          "p50": 0.07118717726587483,
          "p95": 0.13075685684750563
        },
        "preselection_final_kept": 109348
      },
      "target": {
        "target_crop": {
          "xy_margin_m": 10.0,
          "roi_count": 414791
        },
        "target_gate": {
          "gate_vertical_threshold_m": 0.5,
          "preselection_total": 414791,
          "preselection_kept_by_gate": 119507,
          "preselection_dz_summary": {
            "mean": 0.89497980162384,
            "std": 5.216173060009429,
            "p05": -5.966309928894049,
            "p50": 0.13499656677245753,
            "p95": 11.237469539642333
          },
          "final_kept": 119507
        }
      },
      "gicp": {
        "fitness": 0.9997880457821111,
        "rmse": 0.2223825932926389
      },
      "post_correction": {
        "yaw_rad": 0.005607452046172552,
        "xy_translation_m": 19094.01612375283,
        "z_translation_m": 0.17858180999756712
      },
      "dz_summary_after_xyyaw": {
        "mean": 0.9289429130831254,
        "std": 4.452208279522487,
        "p05": -4.505258087158188,
        "p50": -0.07376213073729332,
        "p95": 10.248234260559085
      },
      "dz_summary_after_final": {
        "mean": 0.7503611030855721,
        "std": 4.452208279522487,
        "p05": -4.683839897155741,
        "p50": -0.25234394073484623,
        "p95": 10.069652450561533
      },
      "nn_xy_dist_summary_after_final": {
        "mean": 0.07841862666509118,
        "std": 0.10124938771827709,
        "p05": 0.019873044593462726,
        "p50": 0.07161101117581264,
        "p95": 0.13175526818770497
      },
      "selected_source_points": 109348
    }
  }
}