{
  "center_dsm_z": 141.03303022606045,
  "center_city_z": -16.160409006346878,
  "vertical_offset_applied": 157.19343923240731,
  "baseline": {
    "vertical": {
      "mean": 158.05256615119794,
      "std": 4.446184199076245,
      "p05": 152.5202885871444,
      "p50": 157.18319197259675,
      "p95": 167.33814583431175
    },
    "horizontal": {
      "mean": 0.07305693814050318,
      "std": 0.03490120285093275,
      "p05": 0.01972530132155998,
      "p50": 0.071338728530897,
      "p95": 0.13068940270782475
    }
  },
  "after_shift": {
    "vertical": {
      "mean": 0.859126918790669,
      "std": 4.446184199076245,
      "p05": -4.673150645262917,
      "p50": -0.010247259810569176,
      "p95": 10.144706601904419
    },
    "horizontal": {
      "mean": 0.07305693814050318,
      "std": 0.03490120285093275,
      "p05": 0.01972530132155998,
      "p50": 0.071338728530897,
      "p95": 0.13068940270782475
    }
  },
  "gicp": {
    "registration_fitness": 0.0,
    "registration_rmse": 0.0,
    "transform": [
      [
        0.9999142785079776,
        0.005989458489005194,
        -0.011643110532812948,
        -121.85186189075466
      ],
      [
        -0.005778409292180842,
        0.9998199100894883,
        0.01807643147026368,
        843.8228865456767
      ],
      [
        0.011749281761999514,
        -0.01800760327349492,
        0.9997688135776295,
        0.7439956041562255
      ],
      [
        0.0,
        0.0,
        0.0,
        1.0
      ]
    ],
    "metrics": {
      "vertical": {
        "mean": 52982.824241084905,
        "std": 2.2648637162092022,
        "p05": 52978.90819085077,
        "p50": 52983.407821530665,
        "p95": 52985.16955081683
      },
      "horizontal": {
        "mean": 19932.206373248202,
        "std": 23.665848118602707,
        "p05": 19899.37402147975,
        "p50": 19932.741339114524,
        "p95": 19971.21802782478
      }
    },
    "horizontal_translation_m": 852.5754747261509
  }
}